dteday,total_per_season,total_rentals,yr,workingday,weathersit,season,total_by_weather,total_by_working_day,total_rent_year,cluster
2011-01-01,471348,985,0,0,2,1,795952,1000269,,Other
2011-01-02,471348,801,0,0,2,1,795952,1000269,,Other
2011-01-03,471348,1349,0,1,1,1,2338173,2292410,,Other
2011-01-04,471348,1562,0,1,1,1,2338173,2292410,,High Rental - Workday - Clear Weather
2011-01-05,471348,1600,0,1,1,1,2338173,2292410,,High Rental - Workday - Clear Weather
2011-01-06,471348,1606,0,1,1,1,2338173,2292410,,High Rental - Workday - Clear Weather
2011-01-07,471348,1510,0,1,2,1,795952,2292410,,Other
2011-01-08,471348,959,0,0,2,1,795952,1000269,,Other
2011-01-09,471348,822,0,0,1,1,2338173,1000269,,Other
2011-01-10,471348,1321,0,1,1,1,2338173,2292410,,Other
2011-01-11,471348,1263,0,1,2,1,795952,2292410,,Medium Rental - Workday - Misty Weather
2011-01-12,471348,1162,0,1,1,1,2338173,2292410,,Other
2011-01-13,471348,1406,0,1,1,1,2338173,2292410,,Other
2011-01-14,471348,1421,0,1,1,1,2338173,2292410,,Other
2011-01-15,471348,1248,0,0,2,1,795952,1000269,,Other
2011-01-16,471348,1204,0,0,1,1,2338173,1000269,,Other
2011-01-17,471348,1000,0,0,2,1,795952,1000269,,Other
2011-01-18,471348,683,0,1,2,1,795952,2292410,,Other
2011-01-19,471348,1650,0,1,2,1,795952,2292410,,Other
2011-01-20,471348,1927,0,1,2,1,795952,2292410,,Other
2011-01-21,471348,1543,0,1,1,1,2338173,2292410,,High Rental - Workday - Clear Weather
2011-01-22,471348,981,0,0,1,1,2338173,1000269,,Other
2011-01-23,471348,986,0,0,1,1,2338173,1000269,,Other
2011-01-24,471348,1416,0,1,1,1,2338173,2292410,,Other
2011-01-25,471348,1985,0,1,2,1,795952,2292410,,Other
2011-01-26,471348,506,0,1,3,1,158331,2292410,,Other
2011-01-27,471348,431,0,1,1,1,2338173,2292410,,Other
2011-01-28,471348,1167,0,1,2,1,795952,2292410,,Medium Rental - Workday - Misty Weather
2011-01-29,471348,1098,0,0,1,1,2338173,1000269,,Other
2011-01-30,471348,1096,0,0,1,1,2338173,1000269,,Other
2011-01-31,471348,1501,0,1,2,1,795952,2292410,,Other
2011-02-01,471348,1360,0,1,2,1,795952,2292410,,Medium Rental - Workday - Misty Weather
2011-02-02,471348,1526,0,1,2,1,795952,2292410,,Other
2011-02-03,471348,1550,0,1,1,1,2338173,2292410,,High Rental - Workday - Clear Weather
2011-02-04,471348,1708,0,1,2,1,795952,2292410,,Other
2011-02-05,471348,1005,0,0,2,1,795952,1000269,,Other
2011-02-06,471348,1623,0,0,1,1,2338173,1000269,,Other
2011-02-07,471348,1712,0,1,1,1,2338173,2292410,,High Rental - Workday - Clear Weather
2011-02-08,471348,1530,0,1,1,1,2338173,2292410,,High Rental - Workday - Clear Weather
2011-02-09,471348,1605,0,1,2,1,795952,2292410,,Other
2011-02-10,471348,1538,0,1,1,1,2338173,2292410,,High Rental - Workday - Clear Weather
2011-02-11,471348,1746,0,1,1,1,2338173,2292410,,High Rental - Workday - Clear Weather
2011-02-12,471348,1472,0,0,1,1,2338173,1000269,,Other
2011-02-13,471348,1589,0,0,1,1,2338173,1000269,,Other
2011-02-14,471348,1913,0,1,1,1,2338173,2292410,,High Rental - Workday - Clear Weather
2011-02-15,471348,1815,0,1,1,1,2338173,2292410,,High Rental - Workday - Clear Weather
2011-02-16,471348,2115,0,1,1,1,2338173,2292410,,High Rental - Workday - Clear Weather
2011-02-17,471348,2475,0,1,1,1,2338173,2292410,,High Rental - Workday - Clear Weather
2011-02-18,471348,2927,0,1,1,1,2338173,2292410,,High Rental - Workday - Clear Weather
2011-02-19,471348,1635,0,0,1,1,2338173,1000269,,Other
2011-02-20,471348,1812,0,0,1,1,2338173,1000269,,Other
2011-02-21,471348,1107,0,0,2,1,795952,1000269,,Other
2011-02-22,471348,1450,0,1,1,1,2338173,2292410,,Other
2011-02-23,471348,1917,0,1,1,1,2338173,2292410,,High Rental - Workday - Clear Weather
2011-02-24,471348,1807,0,1,2,1,795952,2292410,,Other
2011-02-25,471348,1461,0,1,2,1,795952,2292410,,Medium Rental - Workday - Misty Weather
2011-02-26,471348,1969,0,0,1,1,2338173,1000269,,Other
2011-02-27,471348,2402,0,0,1,1,2338173,1000269,,Other
2011-02-28,471348,1446,0,1,2,1,795952,2292410,,Medium Rental - Workday - Misty Weather
2011-03-01,471348,1851,0,1,1,1,2338173,2292410,,High Rental - Workday - Clear Weather
2011-03-02,471348,2134,0,1,1,1,2338173,2292410,,High Rental - Workday - Clear Weather
2011-03-03,471348,1685,0,1,1,1,2338173,2292410,,High Rental - Workday - Clear Weather
2011-03-04,471348,1944,0,1,2,1,795952,2292410,,Other
2011-03-05,471348,2077,0,0,2,1,795952,1000269,,Other
2011-03-06,471348,605,0,0,2,1,795952,1000269,,Other
2011-03-07,471348,1872,0,1,1,1,2338173,2292410,,High Rental - Workday - Clear Weather
2011-03-08,471348,2133,0,1,1,1,2338173,2292410,,High Rental - Workday - Clear Weather
2011-03-09,471348,1891,0,1,2,1,795952,2292410,,Other
2011-03-10,471348,623,0,1,3,1,158331,2292410,,Other
2011-03-11,471348,1977,0,1,2,1,795952,2292410,,Other
2011-03-12,471348,2132,0,0,1,1,2338173,1000269,,Other
2011-03-13,471348,2417,0,0,1,1,2338173,1000269,,Other
2011-03-14,471348,2046,0,1,1,1,2338173,2292410,,High Rental - Workday - Clear Weather
2011-03-15,471348,2056,0,1,2,1,795952,2292410,,Other
2011-03-16,471348,2192,0,1,2,1,795952,2292410,,Other
2011-03-17,471348,2744,0,1,1,1,2338173,2292410,,High Rental - Workday - Clear Weather
2011-03-18,471348,3239,0,1,1,1,2338173,2292410,,High Rental - Workday - Clear Weather
2011-03-19,471348,3117,0,0,1,1,2338173,1000269,,Other
2011-03-20,471348,2471,0,0,1,1,2338173,1000269,,Other
2011-03-21,918589,2077,0,1,2,2,795952,2292410,,Other
2011-03-22,918589,2703,0,1,1,2,2338173,2292410,,High Rental - Workday - Clear Weather
2011-03-23,918589,2121,0,1,2,2,795952,2292410,,Other
2011-03-24,918589,1865,0,1,2,2,795952,2292410,,Other
2011-03-25,918589,2210,0,1,1,2,2338173,2292410,,High Rental - Workday - Clear Weather
2011-03-26,918589,2496,0,0,1,2,2338173,1000269,,Other
2011-03-27,918589,1693,0,0,2,2,795952,1000269,,Other
2011-03-28,918589,2028,0,1,1,2,2338173,2292410,,High Rental - Workday - Clear Weather
2011-03-29,918589,2425,0,1,1,2,2338173,2292410,,High Rental - Workday - Clear Weather
2011-03-30,918589,1536,0,1,2,2,795952,2292410,,Other
2011-03-31,918589,1685,0,1,3,2,158331,2292410,,Other
2011-04-01,918589,2227,0,1,2,2,795952,2292410,,Other
2011-04-02,918589,2252,0,0,2,2,795952,1000269,,Other
2011-04-03,918589,3249,0,0,1,2,2338173,1000269,,Other
2011-04-04,918589,3115,0,1,1,2,2338173,2292410,,High Rental - Workday - Clear Weather
2011-04-05,918589,1795,0,1,2,2,795952,2292410,,Other
2011-04-06,918589,2808,0,1,1,2,2338173,2292410,,High Rental - Workday - Clear Weather
2011-04-07,918589,3141,0,1,1,2,2338173,2292410,,High Rental - Workday - Clear Weather
2011-04-08,918589,1471,0,1,2,2,795952,2292410,,Medium Rental - Workday - Misty Weather
2011-04-09,918589,2455,0,0,2,2,795952,1000269,,Other
2011-04-10,918589,2895,0,0,2,2,795952,1000269,,Other
2011-04-11,918589,3348,0,1,2,2,795952,2292410,,Other
2011-04-12,918589,2034,0,1,2,2,795952,2292410,,Other
2011-04-13,918589,2162,0,1,2,2,795952,2292410,,Other
2011-04-14,918589,3267,0,1,1,2,2338173,2292410,,High Rental - Workday - Clear Weather
2011-04-15,918589,3126,0,0,1,2,2338173,1000269,,Other
2011-04-16,918589,795,0,0,3,2,158331,1000269,,Low Rental - Holiday - Bad Weather
2011-04-17,918589,3744,0,0,1,2,2338173,1000269,,Other
2011-04-18,918589,3429,0,1,1,2,2338173,2292410,,High Rental - Workday - Clear Weather
2011-04-19,918589,3204,0,1,2,2,795952,2292410,,Other
2011-04-20,918589,3944,0,1,1,2,2338173,2292410,,High Rental - Workday - Clear Weather
2011-04-21,918589,4189,0,1,1,2,2338173,2292410,,High Rental - Workday - Clear Weather
2011-04-22,918589,1683,0,1,2,2,795952,2292410,,Other
2011-04-23,918589,4036,0,0,2,2,795952,1000269,,Other
2011-04-24,918589,4191,0,0,2,2,795952,1000269,,Other
2011-04-25,918589,4073,0,1,1,2,2338173,2292410,,High Rental - Workday - Clear Weather
2011-04-26,918589,4400,0,1,1,2,2338173,2292410,,High Rental - Workday - Clear Weather
2011-04-27,918589,3872,0,1,2,2,795952,2292410,,Other
2011-04-28,918589,4058,0,1,2,2,795952,2292410,,Other
2011-04-29,918589,4595,0,1,1,2,2338173,2292410,,High Rental - Workday - Clear Weather
2011-04-30,918589,5312,0,0,1,2,2338173,1000269,,Other
2011-05-01,918589,3351,0,0,2,2,795952,1000269,,Other
2011-05-02,918589,4401,0,1,2,2,795952,2292410,,Other
2011-05-03,918589,4451,0,1,2,2,795952,2292410,,Other
2011-05-04,918589,2633,0,1,2,2,795952,2292410,,Other
2011-05-05,918589,4433,0,1,1,2,2338173,2292410,,High Rental - Workday - Clear Weather
2011-05-06,918589,4608,0,1,1,2,2338173,2292410,,High Rental - Workday - Clear Weather
2011-05-07,918589,4714,0,0,1,2,2338173,1000269,,Other
2011-05-08,918589,4333,0,0,1,2,2338173,1000269,,Other
2011-05-09,918589,4362,0,1,1,2,2338173,2292410,,High Rental - Workday - Clear Weather
2011-05-10,918589,4803,0,1,1,2,2338173,2292410,,High Rental - Workday - Clear Weather
2011-05-11,918589,4182,0,1,1,2,2338173,2292410,,High Rental - Workday - Clear Weather
2011-05-12,918589,4864,0,1,1,2,2338173,2292410,,High Rental - Workday - Clear Weather
2011-05-13,918589,4105,0,1,2,2,795952,2292410,,Other
2011-05-14,918589,3409,0,0,2,2,795952,1000269,,Other
2011-05-15,918589,4553,0,0,2,2,795952,1000269,,Other
2011-05-16,918589,3958,0,1,1,2,2338173,2292410,,High Rental - Workday - Clear Weather
2011-05-17,918589,4123,0,1,2,2,795952,2292410,,Other
2011-05-18,918589,3855,0,1,2,2,795952,2292410,,Other
2011-05-19,918589,4575,0,1,2,2,795952,2292410,,Other
2011-05-20,918589,4917,0,1,1,2,2338173,2292410,,High Rental - Workday - Clear Weather
2011-05-21,918589,5805,0,0,1,2,2338173,1000269,,Other
2011-05-22,918589,4660,0,0,1,2,2338173,1000269,,Other
2011-05-23,918589,4274,0,1,2,2,795952,2292410,,Other
2011-05-24,918589,4492,0,1,2,2,795952,2292410,,Other
2011-05-25,918589,4978,0,1,1,2,2338173,2292410,,High Rental - Workday - Clear Weather
2011-05-26,918589,4677,0,1,1,2,2338173,2292410,,High Rental - Workday - Clear Weather
2011-05-27,918589,4679,0,1,1,2,2338173,2292410,,High Rental - Workday - Clear Weather
2011-05-28,918589,4758,0,0,1,2,2338173,1000269,,Other
2011-05-29,918589,4788,0,0,1,2,2338173,1000269,,Other
2011-05-30,918589,4098,0,0,1,2,2338173,1000269,,Other
2011-05-31,918589,3982,0,1,1,2,2338173,2292410,,High Rental - Workday - Clear Weather
2011-06-01,918589,3974,0,1,2,2,795952,2292410,,Other
2011-06-02,918589,4968,0,1,1,2,2338173,2292410,,High Rental - Workday - Clear Weather
2011-06-03,918589,5312,0,1,1,2,2338173,2292410,,High Rental - Workday - Clear Weather
2011-06-04,918589,5342,0,0,1,2,2338173,1000269,,Other
2011-06-05,918589,4906,0,0,2,2,795952,1000269,,Other
2011-06-06,918589,4548,0,1,1,2,2338173,2292410,,High Rental - Workday - Clear Weather
2011-06-07,918589,4833,0,1,1,2,2338173,2292410,,High Rental - Workday - Clear Weather
2011-06-08,918589,4401,0,1,1,2,2338173,2292410,,High Rental - Workday - Clear Weather
2011-06-09,918589,3915,0,1,2,2,795952,2292410,,Other
2011-06-10,918589,4586,0,1,1,2,2338173,2292410,,High Rental - Workday - Clear Weather
2011-06-11,918589,4966,0,0,1,2,2338173,1000269,,Other
2011-06-12,918589,4460,0,0,1,2,2338173,1000269,,Other
2011-06-13,918589,5020,0,1,1,2,2338173,2292410,,High Rental - Workday - Clear Weather
2011-06-14,918589,4891,0,1,1,2,2338173,2292410,,High Rental - Workday - Clear Weather
2011-06-15,918589,5180,0,1,1,2,2338173,2292410,,High Rental - Workday - Clear Weather
2011-06-16,918589,3767,0,1,2,2,795952,2292410,,Other
2011-06-17,918589,4844,0,1,1,2,2338173,2292410,,High Rental - Workday - Clear Weather
2011-06-18,918589,5119,0,0,1,2,2338173,1000269,,Other
2011-06-19,918589,4744,0,0,2,2,795952,1000269,,Other
2011-06-20,918589,4010,0,1,2,2,795952,2292410,,Other
2011-06-21,1061129,4835,0,1,2,3,795952,2292410,,Other
2011-06-22,1061129,4507,0,1,1,3,2338173,2292410,,High Rental - Workday - Clear Weather
2011-06-23,1061129,4790,0,1,2,3,795952,2292410,,Other
2011-06-24,1061129,4991,0,1,1,3,2338173,2292410,,High Rental - Workday - Clear Weather
2011-06-25,1061129,5202,0,0,1,3,2338173,1000269,,Other
2011-06-26,1061129,5305,0,0,1,3,2338173,1000269,,Other
2011-06-27,1061129,4708,0,1,2,3,795952,2292410,,Other
2011-06-28,1061129,4648,0,1,1,3,2338173,2292410,,High Rental - Workday - Clear Weather
2011-06-29,1061129,5225,0,1,1,3,2338173,2292410,,High Rental - Workday - Clear Weather
2011-06-30,1061129,5515,0,1,1,3,2338173,2292410,,High Rental - Workday - Clear Weather
2011-07-01,1061129,5362,0,1,1,3,2338173,2292410,,High Rental - Workday - Clear Weather
2011-07-02,1061129,5119,0,0,1,3,2338173,1000269,,Other
2011-07-03,1061129,4649,0,0,2,3,795952,1000269,,Other
2011-07-04,1061129,6043,0,0,2,3,795952,1000269,,Other
2011-07-05,1061129,4665,0,1,1,3,2338173,2292410,,High Rental - Workday - Clear Weather
2011-07-06,1061129,4629,0,1,1,3,2338173,2292410,,High Rental - Workday - Clear Weather
2011-07-07,1061129,4592,0,1,1,3,2338173,2292410,,High Rental - Workday - Clear Weather
2011-07-08,1061129,4040,0,1,2,3,795952,2292410,,Other
2011-07-09,1061129,5336,0,0,1,3,2338173,1000269,,Other
2011-07-10,1061129,4881,0,0,1,3,2338173,1000269,,Other
2011-07-11,1061129,4086,0,1,1,3,2338173,2292410,,High Rental - Workday - Clear Weather
2011-07-12,1061129,4258,0,1,1,3,2338173,2292410,,High Rental - Workday - Clear Weather
2011-07-13,1061129,4342,0,1,1,3,2338173,2292410,,High Rental - Workday - Clear Weather
2011-07-14,1061129,5084,0,1,1,3,2338173,2292410,,High Rental - Workday - Clear Weather
2011-07-15,1061129,5538,0,1,1,3,2338173,2292410,,High Rental - Workday - Clear Weather
2011-07-16,1061129,5923,0,0,1,3,2338173,1000269,,Other
2011-07-17,1061129,5302,0,0,1,3,2338173,1000269,,Other
2011-07-18,1061129,4458,0,1,1,3,2338173,2292410,,High Rental - Workday - Clear Weather
2011-07-19,1061129,4541,0,1,1,3,2338173,2292410,,High Rental - Workday - Clear Weather
2011-07-20,1061129,4332,0,1,1,3,2338173,2292410,,High Rental - Workday - Clear Weather
2011-07-21,1061129,3784,0,1,2,3,795952,2292410,,Other
2011-07-22,1061129,3387,0,1,1,3,2338173,2292410,,High Rental - Workday - Clear Weather
2011-07-23,1061129,3285,0,0,1,3,2338173,1000269,,Other
2011-07-24,1061129,3606,0,0,1,3,2338173,1000269,,Other
2011-07-25,1061129,3840,0,1,1,3,2338173,2292410,,High Rental - Workday - Clear Weather
2011-07-26,1061129,4590,0,1,1,3,2338173,2292410,,High Rental - Workday - Clear Weather
2011-07-27,1061129,4656,0,1,1,3,2338173,2292410,,High Rental - Workday - Clear Weather
2011-07-28,1061129,4390,0,1,1,3,2338173,2292410,,High Rental - Workday - Clear Weather
2011-07-29,1061129,3846,0,1,1,3,2338173,2292410,,High Rental - Workday - Clear Weather
2011-07-30,1061129,4475,0,0,1,3,2338173,1000269,,Other
2011-07-31,1061129,4302,0,0,1,3,2338173,1000269,,Other
2011-08-01,1061129,4266,0,1,1,3,2338173,2292410,,High Rental - Workday - Clear Weather
2011-08-02,1061129,4845,0,1,1,3,2338173,2292410,,High Rental - Workday - Clear Weather
2011-08-03,1061129,3574,0,1,2,3,795952,2292410,,Other
2011-08-04,1061129,4576,0,1,2,3,795952,2292410,,Other
2011-08-05,1061129,4866,0,1,1,3,2338173,2292410,,High Rental - Workday - Clear Weather
2011-08-06,1061129,4294,0,0,2,3,795952,1000269,,Other
2011-08-07,1061129,3785,0,0,1,3,2338173,1000269,,Other
2011-08-08,1061129,4326,0,1,1,3,2338173,2292410,,High Rental - Workday - Clear Weather
2011-08-09,1061129,4602,0,1,1,3,2338173,2292410,,High Rental - Workday - Clear Weather
2011-08-10,1061129,4780,0,1,1,3,2338173,2292410,,High Rental - Workday - Clear Weather
2011-08-11,1061129,4792,0,1,1,3,2338173,2292410,,High Rental - Workday - Clear Weather
2011-08-12,1061129,4905,0,1,1,3,2338173,2292410,,High Rental - Workday - Clear Weather
2011-08-13,1061129,4150,0,0,2,3,795952,1000269,,Other
2011-08-14,1061129,3820,0,0,2,3,795952,1000269,,Other
2011-08-15,1061129,4338,0,1,1,3,2338173,2292410,,High Rental - Workday - Clear Weather
2011-08-16,1061129,4725,0,1,1,3,2338173,2292410,,High Rental - Workday - Clear Weather
2011-08-17,1061129,4694,0,1,1,3,2338173,2292410,,High Rental - Workday - Clear Weather
2011-08-18,1061129,3805,0,1,1,3,2338173,2292410,,High Rental - Workday - Clear Weather
2011-08-19,1061129,4153,0,1,2,3,795952,2292410,,Other
2011-08-20,1061129,5191,0,0,1,3,2338173,1000269,,Other
2011-08-21,1061129,3873,0,0,1,3,2338173,1000269,,Other
2011-08-22,1061129,4758,0,1,1,3,2338173,2292410,,High Rental - Workday - Clear Weather
2011-08-23,1061129,5895,0,1,1,3,2338173,2292410,,High Rental - Workday - Clear Weather
2011-08-24,1061129,5130,0,1,1,3,2338173,2292410,,High Rental - Workday - Clear Weather
2011-08-25,1061129,3542,0,1,2,3,795952,2292410,,Other
2011-08-26,1061129,4661,0,1,1,3,2338173,2292410,,High Rental - Workday - Clear Weather
2011-08-27,1061129,1115,0,0,2,3,795952,1000269,,Other
2011-08-28,1061129,4334,0,0,1,3,2338173,1000269,,Other
2011-08-29,1061129,4634,0,1,1,3,2338173,2292410,,High Rental - Workday - Clear Weather
2011-08-30,1061129,5204,0,1,1,3,2338173,2292410,,High Rental - Workday - Clear Weather
2011-08-31,1061129,5058,0,1,1,3,2338173,2292410,,High Rental - Workday - Clear Weather
2011-09-01,1061129,5115,0,1,1,3,2338173,2292410,,High Rental - Workday - Clear Weather
2011-09-02,1061129,4727,0,1,2,3,795952,2292410,,Other
2011-09-03,1061129,4484,0,0,1,3,2338173,1000269,,Other
2011-09-04,1061129,4940,0,0,1,3,2338173,1000269,,Other
2011-09-05,1061129,3351,0,0,2,3,795952,1000269,,Other
2011-09-06,1061129,2710,0,1,3,3,158331,2292410,,Other
2011-09-07,1061129,1996,0,1,3,3,158331,2292410,,Other
2011-09-08,1061129,1842,0,1,3,3,158331,2292410,,Other
2011-09-09,1061129,3544,0,1,2,3,795952,2292410,,Other
2011-09-10,1061129,5345,0,0,1,3,2338173,1000269,,Other
2011-09-11,1061129,5046,0,0,1,3,2338173,1000269,,Other
2011-09-12,1061129,4713,0,1,1,3,2338173,2292410,,High Rental - Workday - Clear Weather
2011-09-13,1061129,4763,0,1,1,3,2338173,2292410,,High Rental - Workday - Clear Weather
2011-09-14,1061129,4785,0,1,1,3,2338173,2292410,,High Rental - Workday - Clear Weather
2011-09-15,1061129,3659,0,1,2,3,795952,2292410,,Other
2011-09-16,1061129,4760,0,1,2,3,795952,2292410,,Other
2011-09-17,1061129,4511,0,0,2,3,795952,1000269,,Other
2011-09-18,1061129,4274,0,0,1,3,2338173,1000269,,Other
2011-09-19,1061129,4539,0,1,2,3,795952,2292410,,Other
2011-09-20,1061129,3641,0,1,2,3,795952,2292410,,Other
2011-09-21,1061129,4352,0,1,2,3,795952,2292410,,Other
2011-09-22,1061129,4795,0,1,2,3,795952,2292410,,Other
2011-09-23,841613,2395,0,1,2,4,795952,2292410,,Other
2011-09-24,841613,5423,0,0,2,4,795952,1000269,,Other
2011-09-25,841613,5010,0,0,2,4,795952,1000269,,Other
2011-09-26,841613,4630,0,1,2,4,795952,2292410,,Other
2011-09-27,841613,4120,0,1,2,4,795952,2292410,,Other
2011-09-28,841613,3907,0,1,2,4,795952,2292410,,Other
2011-09-29,841613,4839,0,1,1,4,2338173,2292410,,High Rental - Workday - Clear Weather
2011-09-30,841613,5202,0,1,1,4,2338173,2292410,,High Rental - Workday - Clear Weather
2011-10-01,841613,2429,0,0,2,4,795952,1000269,,Other
2011-10-02,841613,2918,0,0,2,4,795952,1000269,,Other
2011-10-03,841613,3570,0,1,2,4,795952,2292410,,Other
2011-10-04,841613,4456,0,1,1,4,2338173,2292410,,High Rental - Workday - Clear Weather
2011-10-05,841613,4826,0,1,1,4,2338173,2292410,,High Rental - Workday - Clear Weather
2011-10-06,841613,4765,0,1,1,4,2338173,2292410,,High Rental - Workday - Clear Weather
2011-10-07,841613,4985,0,1,1,4,2338173,2292410,,High Rental - Workday - Clear Weather
2011-10-08,841613,5409,0,0,1,4,2338173,1000269,,Other
2011-10-09,841613,5511,0,0,1,4,2338173,1000269,,Other
2011-10-10,841613,5117,0,0,1,4,2338173,1000269,,Other
2011-10-11,841613,4563,0,1,2,4,795952,2292410,,Other
2011-10-12,841613,2416,0,1,3,4,158331,2292410,,Other
2011-10-13,841613,2913,0,1,2,4,795952,2292410,,Other
2011-10-14,841613,3644,0,1,2,4,795952,2292410,,Other
2011-10-15,841613,5217,0,0,1,4,2338173,1000269,,Other
2011-10-16,841613,5041,0,0,1,4,2338173,1000269,,Other
2011-10-17,841613,4570,0,1,1,4,2338173,2292410,,High Rental - Workday - Clear Weather
2011-10-18,841613,4748,0,1,2,4,795952,2292410,,Other
2011-10-19,841613,2424,0,1,3,4,158331,2292410,,Other
2011-10-20,841613,4195,0,1,1,4,2338173,2292410,,High Rental - Workday - Clear Weather
2011-10-21,841613,4304,0,1,1,4,2338173,2292410,,High Rental - Workday - Clear Weather
2011-10-22,841613,4308,0,0,1,4,2338173,1000269,,Other
2011-10-23,841613,4381,0,0,1,4,2338173,1000269,,Other
2011-10-24,841613,4187,0,1,1,4,2338173,2292410,,High Rental - Workday - Clear Weather
2011-10-25,841613,4687,0,1,1,4,2338173,2292410,,High Rental - Workday - Clear Weather
2011-10-26,841613,3894,0,1,2,4,795952,2292410,,Other
2011-10-27,841613,2659,0,1,2,4,795952,2292410,,Other
2011-10-28,841613,3747,0,1,2,4,795952,2292410,,Other
2011-10-29,841613,627,0,0,3,4,158331,1000269,,Low Rental - Holiday - Bad Weather
2011-10-30,841613,3331,0,0,1,4,2338173,1000269,,Other
2011-10-31,841613,3669,0,1,1,4,2338173,2292410,,High Rental - Workday - Clear Weather
2011-11-01,841613,4068,0,1,1,4,2338173,2292410,,High Rental - Workday - Clear Weather
2011-11-02,841613,4186,0,1,1,4,2338173,2292410,,High Rental - Workday - Clear Weather
2011-11-03,841613,3974,0,1,1,4,2338173,2292410,,High Rental - Workday - Clear Weather
2011-11-04,841613,4046,0,1,2,4,795952,2292410,,Other
2011-11-05,841613,3926,0,0,1,4,2338173,1000269,,Other
2011-11-06,841613,3649,0,0,1,4,2338173,1000269,,Other
2011-11-07,841613,4035,0,1,1,4,2338173,2292410,,High Rental - Workday - Clear Weather
2011-11-08,841613,4205,0,1,1,4,2338173,2292410,,High Rental - Workday - Clear Weather
2011-11-09,841613,4109,0,1,1,4,2338173,2292410,,High Rental - Workday - Clear Weather
2011-11-10,841613,2933,0,1,2,4,795952,2292410,,Other
2011-11-11,841613,3368,0,0,1,4,2338173,1000269,,Other
2011-11-12,841613,4067,0,0,1,4,2338173,1000269,,Other
2011-11-13,841613,3717,0,0,1,4,2338173,1000269,,Other
2011-11-14,841613,4486,0,1,1,4,2338173,2292410,,High Rental - Workday - Clear Weather
2011-11-15,841613,4195,0,1,2,4,795952,2292410,,Other
2011-11-16,841613,1817,0,1,3,4,158331,2292410,,Other
2011-11-17,841613,3053,0,1,2,4,795952,2292410,,Other
2011-11-18,841613,3392,0,1,1,4,2338173,2292410,,High Rental - Workday - Clear Weather
2011-11-19,841613,3663,0,0,1,4,2338173,1000269,,Other
2011-11-20,841613,3520,0,0,2,4,795952,1000269,,Other
2011-11-21,841613,2765,0,1,3,4,158331,2292410,,Other
2011-11-22,841613,1607,0,1,3,4,158331,2292410,,Other
2011-11-23,841613,2566,0,1,2,4,795952,2292410,,Other
2011-11-24,841613,1495,0,0,1,4,2338173,1000269,,Other
2011-11-25,841613,2792,0,1,1,4,2338173,2292410,,High Rental - Workday - Clear Weather
2011-11-26,841613,3068,0,0,1,4,2338173,1000269,,Other
2011-11-27,841613,3071,0,0,1,4,2338173,1000269,,Other
2011-11-28,841613,3867,0,1,1,4,2338173,2292410,,High Rental - Workday - Clear Weather
2011-11-29,841613,2914,0,1,2,4,795952,2292410,,Other
2011-11-30,841613,3613,0,1,1,4,2338173,2292410,,High Rental - Workday - Clear Weather
2011-12-01,841613,3727,0,1,1,4,2338173,2292410,,High Rental - Workday - Clear Weather
2011-12-02,841613,3940,0,1,1,4,2338173,2292410,,High Rental - Workday - Clear Weather
2011-12-03,841613,3614,0,0,1,4,2338173,1000269,,Other
2011-12-04,841613,3485,0,0,1,4,2338173,1000269,,Other
2011-12-05,841613,3811,0,1,2,4,795952,2292410,,Other
2011-12-06,841613,2594,0,1,3,4,158331,2292410,,Other
2011-12-07,841613,705,0,1,3,4,158331,2292410,,Other
2011-12-08,841613,3322,0,1,1,4,2338173,2292410,,High Rental - Workday - Clear Weather
2011-12-09,841613,3620,0,1,1,4,2338173,2292410,,High Rental - Workday - Clear Weather
2011-12-10,841613,3190,0,0,1,4,2338173,1000269,,Other
2011-12-11,841613,2743,0,0,1,4,2338173,1000269,,Other
2011-12-12,841613,3310,0,1,1,4,2338173,2292410,,High Rental - Workday - Clear Weather
2011-12-13,841613,3523,0,1,1,4,2338173,2292410,,High Rental - Workday - Clear Weather
2011-12-14,841613,3740,0,1,2,4,795952,2292410,,Other
2011-12-15,841613,3709,0,1,2,4,795952,2292410,,Other
2011-12-16,841613,3577,0,1,2,4,795952,2292410,,Other
2011-12-17,841613,2739,0,0,2,4,795952,1000269,,Other
2011-12-18,841613,2431,0,0,1,4,2338173,1000269,,Other
2011-12-19,841613,3403,0,1,1,4,2338173,2292410,,High Rental - Workday - Clear Weather
2011-12-20,841613,3750,0,1,2,4,795952,2292410,,Other
2011-12-21,471348,2660,0,1,2,1,795952,2292410,,Other
2011-12-22,471348,3068,0,1,2,1,795952,2292410,,Other
2011-12-23,471348,2209,0,1,1,1,2338173,2292410,,High Rental - Workday - Clear Weather
2011-12-24,471348,1011,0,0,1,1,2338173,1000269,,Other
2011-12-25,471348,754,0,0,1,1,2338173,1000269,,Other
2011-12-26,471348,1317,0,0,1,1,2338173,1000269,,Other
2011-12-27,471348,1162,0,1,2,1,795952,2292410,,Medium Rental - Workday - Misty Weather
2011-12-28,471348,2302,0,1,1,1,2338173,2292410,,High Rental - Workday - Clear Weather
2011-12-29,471348,2423,0,1,1,1,2338173,2292410,,High Rental - Workday - Clear Weather
2011-12-30,471348,2999,0,1,1,1,2338173,2292410,,High Rental - Workday - Clear Weather
2011-12-31,471348,2485,0,0,1,1,2338173,1000269,,Other
2012-01-01,471348,2294,1,0,1,1,2338173,1000269,,Other
2012-01-02,471348,1951,1,0,1,1,2338173,1000269,,Other
2012-01-03,471348,2236,1,1,1,1,2338173,2292410,,High Rental - Workday - Clear Weather
2012-01-04,471348,2368,1,1,2,1,795952,2292410,,Other
2012-01-05,471348,3272,1,1,1,1,2338173,2292410,,High Rental - Workday - Clear Weather
2012-01-06,471348,4098,1,1,1,1,2338173,2292410,,High Rental - Workday - Clear Weather
2012-01-07,471348,4521,1,0,1,1,2338173,1000269,,Other
2012-01-08,471348,3425,1,0,1,1,2338173,1000269,,Other
2012-01-09,471348,2376,1,1,2,1,795952,2292410,,Other
2012-01-10,471348,3598,1,1,1,1,2338173,2292410,,High Rental - Workday - Clear Weather
2012-01-11,471348,2177,1,1,2,1,795952,2292410,,Other
2012-01-12,471348,4097,1,1,2,1,795952,2292410,,Other
2012-01-13,471348,3214,1,1,1,1,2338173,2292410,,High Rental - Workday - Clear Weather
2012-01-14,471348,2493,1,0,1,1,2338173,1000269,,Other
2012-01-15,471348,2311,1,0,1,1,2338173,1000269,,Other
2012-01-16,471348,2298,1,0,1,1,2338173,1000269,,Other
2012-01-17,471348,2935,1,1,2,1,795952,2292410,,Other
2012-01-18,471348,3376,1,1,1,1,2338173,2292410,,High Rental - Workday - Clear Weather
2012-01-19,471348,3292,1,1,1,1,2338173,2292410,,High Rental - Workday - Clear Weather
2012-01-20,471348,3163,1,1,2,1,795952,2292410,,Other
2012-01-21,471348,1301,1,0,2,1,795952,1000269,,Other
2012-01-22,471348,1977,1,0,2,1,795952,1000269,,Other
2012-01-23,471348,2432,1,1,2,1,795952,2292410,,Other
2012-01-24,471348,4339,1,1,1,1,2338173,2292410,,High Rental - Workday - Clear Weather
2012-01-25,471348,4270,1,1,1,1,2338173,2292410,,High Rental - Workday - Clear Weather
2012-01-26,471348,4075,1,1,2,1,795952,2292410,,Other
2012-01-27,471348,3456,1,1,2,1,795952,2292410,,Other
2012-01-28,471348,4023,1,0,1,1,2338173,1000269,,Other
2012-01-29,471348,3243,1,0,1,1,2338173,1000269,,Other
2012-01-30,471348,3624,1,1,1,1,2338173,2292410,,High Rental - Workday - Clear Weather
2012-01-31,471348,4509,1,1,1,1,2338173,2292410,,High Rental - Workday - Clear Weather
2012-02-01,471348,4579,1,1,1,1,2338173,2292410,,High Rental - Workday - Clear Weather
2012-02-02,471348,3761,1,1,2,1,795952,2292410,,Other
2012-02-03,471348,4151,1,1,1,1,2338173,2292410,,High Rental - Workday - Clear Weather
2012-02-04,471348,2832,1,0,2,1,795952,1000269,,Other
2012-02-05,471348,2947,1,0,2,1,795952,1000269,,Other
2012-02-06,471348,3784,1,1,1,1,2338173,2292410,,High Rental - Workday - Clear Weather
2012-02-07,471348,4375,1,1,1,1,2338173,2292410,,High Rental - Workday - Clear Weather
2012-02-08,471348,2802,1,1,2,1,795952,2292410,,Other
2012-02-09,471348,3830,1,1,1,1,2338173,2292410,,High Rental - Workday - Clear Weather
2012-02-10,471348,3831,1,1,2,1,795952,2292410,,Other
2012-02-11,471348,2169,1,0,3,1,158331,1000269,,Other
2012-02-12,471348,1529,1,0,1,1,2338173,1000269,,Other
2012-02-13,471348,3422,1,1,1,1,2338173,2292410,,High Rental - Workday - Clear Weather
2012-02-14,471348,3922,1,1,2,1,795952,2292410,,Other
2012-02-15,471348,4169,1,1,1,1,2338173,2292410,,High Rental - Workday - Clear Weather
2012-02-16,471348,3005,1,1,2,1,795952,2292410,,Other
2012-02-17,471348,4154,1,1,1,1,2338173,2292410,,High Rental - Workday - Clear Weather
2012-02-18,471348,4318,1,0,1,1,2338173,1000269,,Other
2012-02-19,471348,2689,1,0,2,1,795952,1000269,,Other
2012-02-20,471348,3129,1,0,1,1,2338173,1000269,,Other
2012-02-21,471348,3777,1,1,1,1,2338173,2292410,,High Rental - Workday - Clear Weather
2012-02-22,471348,4773,1,1,1,1,2338173,2292410,,High Rental - Workday - Clear Weather
2012-02-23,471348,5062,1,1,1,1,2338173,2292410,,High Rental - Workday - Clear Weather
2012-02-24,471348,3487,1,1,2,1,795952,2292410,,Other
2012-02-25,471348,2732,1,0,1,1,2338173,1000269,,Other
2012-02-26,471348,3389,1,0,1,1,2338173,1000269,,Other
2012-02-27,471348,4322,1,1,1,1,2338173,2292410,,High Rental - Workday - Clear Weather
2012-02-28,471348,4363,1,1,1,1,2338173,2292410,,High Rental - Workday - Clear Weather
2012-02-29,471348,1834,1,1,2,1,795952,2292410,,Other
2012-03-01,471348,4990,1,1,1,1,2338173,2292410,,High Rental - Workday - Clear Weather
2012-03-02,471348,3194,1,1,2,1,795952,2292410,,Other
2012-03-03,471348,4066,1,0,2,1,795952,1000269,,Other
2012-03-04,471348,3423,1,0,1,1,2338173,1000269,,Other
2012-03-05,471348,3333,1,1,1,1,2338173,2292410,,High Rental - Workday - Clear Weather
2012-03-06,471348,3956,1,1,1,1,2338173,2292410,,High Rental - Workday - Clear Weather
2012-03-07,471348,4916,1,1,1,1,2338173,2292410,,High Rental - Workday - Clear Weather
2012-03-08,471348,5382,1,1,1,1,2338173,2292410,,High Rental - Workday - Clear Weather
2012-03-09,471348,4569,1,1,2,1,795952,2292410,,Other
2012-03-10,471348,4118,1,0,1,1,2338173,1000269,,Other
2012-03-11,471348,4911,1,0,1,1,2338173,1000269,,Other
2012-03-12,471348,5298,1,1,1,1,2338173,2292410,,High Rental - Workday - Clear Weather
2012-03-13,471348,5847,1,1,1,1,2338173,2292410,,High Rental - Workday - Clear Weather
2012-03-14,471348,6312,1,1,1,1,2338173,2292410,,High Rental - Workday - Clear Weather
2012-03-15,471348,6192,1,1,1,1,2338173,2292410,,High Rental - Workday - Clear Weather
2012-03-16,471348,4378,1,1,2,1,795952,2292410,,Other
2012-03-17,471348,7836,1,0,2,1,795952,1000269,,Other
2012-03-18,471348,5892,1,0,2,1,795952,1000269,,Other
2012-03-19,471348,6153,1,1,1,1,2338173,2292410,,High Rental - Workday - Clear Weather
2012-03-20,471348,6093,1,1,1,1,2338173,2292410,,High Rental - Workday - Clear Weather
2012-03-21,918589,6230,1,1,2,2,795952,2292410,,Other
2012-03-22,918589,6871,1,1,1,2,2338173,2292410,,High Rental - Workday - Clear Weather
2012-03-23,918589,8362,1,1,2,2,795952,2292410,,Other
2012-03-24,918589,3372,1,0,2,2,795952,1000269,,Other
2012-03-25,918589,4996,1,0,2,2,795952,1000269,,Other
2012-03-26,918589,5558,1,1,1,2,2338173,2292410,,High Rental - Workday - Clear Weather
2012-03-27,918589,5102,1,1,1,2,2338173,2292410,,High Rental - Workday - Clear Weather
2012-03-28,918589,5698,1,1,1,2,2338173,2292410,,High Rental - Workday - Clear Weather
2012-03-29,918589,6133,1,1,1,2,2338173,2292410,,High Rental - Workday - Clear Weather
2012-03-30,918589,5459,1,1,2,2,795952,2292410,,Other
2012-03-31,918589,6235,1,0,2,2,795952,1000269,,Other
2012-04-01,918589,6041,1,0,2,2,795952,1000269,,Other
2012-04-02,918589,5936,1,1,1,2,2338173,2292410,,High Rental - Workday - Clear Weather
2012-04-03,918589,6772,1,1,1,2,2338173,2292410,,High Rental - Workday - Clear Weather
2012-04-04,918589,6436,1,1,1,2,2338173,2292410,,High Rental - Workday - Clear Weather
2012-04-05,918589,6457,1,1,1,2,2338173,2292410,,High Rental - Workday - Clear Weather
2012-04-06,918589,6460,1,1,1,2,2338173,2292410,,High Rental - Workday - Clear Weather
2012-04-07,918589,6857,1,0,1,2,2338173,1000269,,Other
2012-04-08,918589,5169,1,0,1,2,2338173,1000269,,Other
2012-04-09,918589,5585,1,1,1,2,2338173,2292410,,High Rental - Workday - Clear Weather
2012-04-10,918589,5918,1,1,1,2,2338173,2292410,,High Rental - Workday - Clear Weather
2012-04-11,918589,4862,1,1,1,2,2338173,2292410,,High Rental - Workday - Clear Weather
2012-04-12,918589,5409,1,1,1,2,2338173,2292410,,High Rental - Workday - Clear Weather
2012-04-13,918589,6398,1,1,1,2,2338173,2292410,,High Rental - Workday - Clear Weather
2012-04-14,918589,7460,1,0,1,2,2338173,1000269,,Other
2012-04-15,918589,7132,1,0,1,2,2338173,1000269,,Other
2012-04-16,918589,6370,1,0,1,2,2338173,1000269,,Other
2012-04-17,918589,6691,1,1,1,2,2338173,2292410,,High Rental - Workday - Clear Weather
2012-04-18,918589,4367,1,1,2,2,795952,2292410,,Other
2012-04-19,918589,6565,1,1,1,2,2338173,2292410,,High Rental - Workday - Clear Weather
2012-04-20,918589,7290,1,1,1,2,2338173,2292410,,High Rental - Workday - Clear Weather
2012-04-21,918589,6624,1,0,1,2,2338173,1000269,,Other
2012-04-22,918589,1027,1,0,3,2,158331,1000269,,Other
2012-04-23,918589,3214,1,1,2,2,795952,2292410,,Other
2012-04-24,918589,5633,1,1,1,2,2338173,2292410,,High Rental - Workday - Clear Weather
2012-04-25,918589,6196,1,1,1,2,2338173,2292410,,High Rental - Workday - Clear Weather
2012-04-26,918589,5026,1,1,2,2,795952,2292410,,Other
2012-04-27,918589,6233,1,1,1,2,2338173,2292410,,High Rental - Workday - Clear Weather
2012-04-28,918589,4220,1,0,2,2,795952,1000269,,Other
2012-04-29,918589,6304,1,0,1,2,2338173,1000269,,Other
2012-04-30,918589,5572,1,1,2,2,795952,2292410,,Other
2012-05-01,918589,5740,1,1,2,2,795952,2292410,,Other
2012-05-02,918589,6169,1,1,1,2,2338173,2292410,,High Rental - Workday - Clear Weather
2012-05-03,918589,6421,1,1,2,2,795952,2292410,,Other
2012-05-04,918589,6296,1,1,1,2,2338173,2292410,,High Rental - Workday - Clear Weather
2012-05-05,918589,6883,1,0,2,2,795952,1000269,,Other
2012-05-06,918589,6359,1,0,2,2,795952,1000269,,Other
2012-05-07,918589,6273,1,1,2,2,795952,2292410,,Other
2012-05-08,918589,5728,1,1,2,2,795952,2292410,,Other
2012-05-09,918589,4717,1,1,2,2,795952,2292410,,Other
2012-05-10,918589,6572,1,1,1,2,2338173,2292410,,High Rental - Workday - Clear Weather
2012-05-11,918589,7030,1,1,1,2,2338173,2292410,,High Rental - Workday - Clear Weather
2012-05-12,918589,7429,1,0,1,2,2338173,1000269,,Other
2012-05-13,918589,6118,1,0,1,2,2338173,1000269,,Other
2012-05-14,918589,2843,1,1,2,2,795952,2292410,,Other
2012-05-15,918589,5115,1,1,2,2,795952,2292410,,Other
2012-05-16,918589,7424,1,1,1,2,2338173,2292410,,High Rental - Workday - Clear Weather
2012-05-17,918589,7384,1,1,1,2,2338173,2292410,,High Rental - Workday - Clear Weather
2012-05-18,918589,7639,1,1,1,2,2338173,2292410,,High Rental - Workday - Clear Weather
2012-05-19,918589,8294,1,0,1,2,2338173,1000269,,Other
2012-05-20,918589,7129,1,0,1,2,2338173,1000269,,Other
2012-05-21,918589,4359,1,1,2,2,795952,2292410,,Other
2012-05-22,918589,6073,1,1,2,2,795952,2292410,,Other
2012-05-23,918589,5260,1,1,2,2,795952,2292410,,Other
2012-05-24,918589,6770,1,1,1,2,2338173,2292410,,High Rental - Workday - Clear Weather
2012-05-25,918589,6734,1,1,1,2,2338173,2292410,,High Rental - Workday - Clear Weather
2012-05-26,918589,6536,1,0,1,2,2338173,1000269,,Other
2012-05-27,918589,6591,1,0,1,2,2338173,1000269,,Other
2012-05-28,918589,6043,1,0,1,2,2338173,1000269,,Other
2012-05-29,918589,5743,1,1,1,2,2338173,2292410,,High Rental - Workday - Clear Weather
2012-05-30,918589,6855,1,1,2,2,795952,2292410,,Other
2012-05-31,918589,7338,1,1,1,2,2338173,2292410,,High Rental - Workday - Clear Weather
2012-06-01,918589,4127,1,1,2,2,795952,2292410,,Other
2012-06-02,918589,8120,1,0,1,2,2338173,1000269,,Other
2012-06-03,918589,7641,1,0,1,2,2338173,1000269,,Other
2012-06-04,918589,6998,1,1,1,2,2338173,2292410,,High Rental - Workday - Clear Weather
2012-06-05,918589,7001,1,1,2,2,795952,2292410,,Other
2012-06-06,918589,7055,1,1,1,2,2338173,2292410,,High Rental - Workday - Clear Weather
2012-06-07,918589,7494,1,1,1,2,2338173,2292410,,High Rental - Workday - Clear Weather
2012-06-08,918589,7736,1,1,1,2,2338173,2292410,,High Rental - Workday - Clear Weather
2012-06-09,918589,7498,1,0,1,2,2338173,1000269,,Other
2012-06-10,918589,6598,1,0,1,2,2338173,1000269,,Other
2012-06-11,918589,6664,1,1,2,2,795952,2292410,,Other
2012-06-12,918589,4972,1,1,2,2,795952,2292410,,Other
2012-06-13,918589,7421,1,1,1,2,2338173,2292410,,High Rental - Workday - Clear Weather
2012-06-14,918589,7363,1,1,1,2,2338173,2292410,,High Rental - Workday - Clear Weather
2012-06-15,918589,7665,1,1,1,2,2338173,2292410,,High Rental - Workday - Clear Weather
2012-06-16,918589,7702,1,0,1,2,2338173,1000269,,Other
2012-06-17,918589,6978,1,0,1,2,2338173,1000269,,Other
2012-06-18,918589,5099,1,1,2,2,795952,2292410,,Other
2012-06-19,918589,6825,1,1,1,2,2338173,2292410,,High Rental - Workday - Clear Weather
2012-06-20,918589,6211,1,1,1,2,2338173,2292410,,High Rental - Workday - Clear Weather
2012-06-21,1061129,5905,1,1,1,3,2338173,2292410,,High Rental - Workday - Clear Weather
2012-06-22,1061129,5823,1,1,1,3,2338173,2292410,,High Rental - Workday - Clear Weather
2012-06-23,1061129,7458,1,0,1,3,2338173,1000269,,Other
2012-06-24,1061129,6891,1,0,1,3,2338173,1000269,,Other
2012-06-25,1061129,6779,1,1,1,3,2338173,2292410,,High Rental - Workday - Clear Weather
2012-06-26,1061129,7442,1,1,1,3,2338173,2292410,,High Rental - Workday - Clear Weather
2012-06-27,1061129,7335,1,1,1,3,2338173,2292410,,High Rental - Workday - Clear Weather
2012-06-28,1061129,6879,1,1,1,3,2338173,2292410,,High Rental - Workday - Clear Weather
2012-06-29,1061129,5463,1,1,1,3,2338173,2292410,,High Rental - Workday - Clear Weather
2012-06-30,1061129,5687,1,0,1,3,2338173,1000269,,Other
2012-07-01,1061129,5531,1,0,1,3,2338173,1000269,,Other
2012-07-02,1061129,6227,1,1,1,3,2338173,2292410,,High Rental - Workday - Clear Weather
2012-07-03,1061129,6660,1,1,1,3,2338173,2292410,,High Rental - Workday - Clear Weather
2012-07-04,1061129,7403,1,0,1,3,2338173,1000269,,Other
2012-07-05,1061129,6241,1,1,1,3,2338173,2292410,,High Rental - Workday - Clear Weather
2012-07-06,1061129,6207,1,1,1,3,2338173,2292410,,High Rental - Workday - Clear Weather
2012-07-07,1061129,4840,1,0,1,3,2338173,1000269,,Other
2012-07-08,1061129,4672,1,0,1,3,2338173,1000269,,Other
2012-07-09,1061129,6569,1,1,2,3,795952,2292410,,Other
2012-07-10,1061129,6290,1,1,2,3,795952,2292410,,Other
2012-07-11,1061129,7264,1,1,1,3,2338173,2292410,,High Rental - Workday - Clear Weather
2012-07-12,1061129,7446,1,1,1,3,2338173,2292410,,High Rental - Workday - Clear Weather
2012-07-13,1061129,7499,1,1,2,3,795952,2292410,,Other
2012-07-14,1061129,6969,1,0,2,3,795952,1000269,,Other
2012-07-15,1061129,6031,1,0,1,3,2338173,1000269,,Other
2012-07-16,1061129,6830,1,1,1,3,2338173,2292410,,High Rental - Workday - Clear Weather
2012-07-17,1061129,6786,1,1,1,3,2338173,2292410,,High Rental - Workday - Clear Weather
2012-07-18,1061129,5713,1,1,1,3,2338173,2292410,,High Rental - Workday - Clear Weather
2012-07-19,1061129,6591,1,1,1,3,2338173,2292410,,High Rental - Workday - Clear Weather
2012-07-20,1061129,5870,1,1,2,3,795952,2292410,,Other
2012-07-21,1061129,4459,1,0,3,3,158331,1000269,,Other
2012-07-22,1061129,7410,1,0,2,3,795952,1000269,,Other
2012-07-23,1061129,6966,1,1,1,3,2338173,2292410,,High Rental - Workday - Clear Weather
2012-07-24,1061129,7592,1,1,1,3,2338173,2292410,,High Rental - Workday - Clear Weather
2012-07-25,1061129,8173,1,1,1,3,2338173,2292410,,High Rental - Workday - Clear Weather
2012-07-26,1061129,6861,1,1,1,3,2338173,2292410,,High Rental - Workday - Clear Weather
2012-07-27,1061129,6904,1,1,1,3,2338173,2292410,,High Rental - Workday - Clear Weather
2012-07-28,1061129,6685,1,0,1,3,2338173,1000269,,Other
2012-07-29,1061129,6597,1,0,1,3,2338173,1000269,,Other
2012-07-30,1061129,7105,1,1,1,3,2338173,2292410,,High Rental - Workday - Clear Weather
2012-07-31,1061129,7216,1,1,1,3,2338173,2292410,,High Rental - Workday - Clear Weather
2012-08-01,1061129,7580,1,1,1,3,2338173,2292410,,High Rental - Workday - Clear Weather
2012-08-02,1061129,7261,1,1,1,3,2338173,2292410,,High Rental - Workday - Clear Weather
2012-08-03,1061129,7175,1,1,2,3,795952,2292410,,Other
2012-08-04,1061129,6824,1,0,1,3,2338173,1000269,,Other
2012-08-05,1061129,5464,1,0,1,3,2338173,1000269,,Other
2012-08-06,1061129,7013,1,1,2,3,795952,2292410,,Other
2012-08-07,1061129,7273,1,1,2,3,795952,2292410,,Other
2012-08-08,1061129,7534,1,1,2,3,795952,2292410,,Other
2012-08-09,1061129,7286,1,1,1,3,2338173,2292410,,High Rental - Workday - Clear Weather
2012-08-10,1061129,5786,1,1,2,3,795952,2292410,,Other
2012-08-11,1061129,6299,1,0,2,3,795952,1000269,,Other
2012-08-12,1061129,6544,1,0,1,3,2338173,1000269,,Other
2012-08-13,1061129,6883,1,1,1,3,2338173,2292410,,High Rental - Workday - Clear Weather
2012-08-14,1061129,6784,1,1,1,3,2338173,2292410,,High Rental - Workday - Clear Weather
2012-08-15,1061129,7347,1,1,1,3,2338173,2292410,,High Rental - Workday - Clear Weather
2012-08-16,1061129,7605,1,1,1,3,2338173,2292410,,High Rental - Workday - Clear Weather
2012-08-17,1061129,7148,1,1,1,3,2338173,2292410,,High Rental - Workday - Clear Weather
2012-08-18,1061129,7865,1,0,1,3,2338173,1000269,,Other
2012-08-19,1061129,4549,1,0,2,3,795952,1000269,,Other
2012-08-20,1061129,6530,1,1,2,3,795952,2292410,,Other
2012-08-21,1061129,7006,1,1,1,3,2338173,2292410,,High Rental - Workday - Clear Weather
2012-08-22,1061129,7375,1,1,1,3,2338173,2292410,,High Rental - Workday - Clear Weather
2012-08-23,1061129,7765,1,1,1,3,2338173,2292410,,High Rental - Workday - Clear Weather
2012-08-24,1061129,7582,1,1,2,3,795952,2292410,,Other
2012-08-25,1061129,6053,1,0,2,3,795952,1000269,,Other
2012-08-26,1061129,5255,1,0,2,3,795952,1000269,,Other
2012-08-27,1061129,6917,1,1,1,3,2338173,2292410,,High Rental - Workday - Clear Weather
2012-08-28,1061129,7040,1,1,1,3,2338173,2292410,,High Rental - Workday - Clear Weather
2012-08-29,1061129,7697,1,1,1,3,2338173,2292410,,High Rental - Workday - Clear Weather
2012-08-30,1061129,7713,1,1,1,3,2338173,2292410,,High Rental - Workday - Clear Weather
2012-08-31,1061129,7350,1,1,1,3,2338173,2292410,,High Rental - Workday - Clear Weather
2012-09-01,1061129,6140,1,0,2,3,795952,1000269,,Other
2012-09-02,1061129,5810,1,0,2,3,795952,1000269,,Other
2012-09-03,1061129,6034,1,0,1,3,2338173,1000269,,Other
2012-09-04,1061129,6864,1,1,1,3,2338173,2292410,,High Rental - Workday - Clear Weather
2012-09-05,1061129,7112,1,1,1,3,2338173,2292410,,High Rental - Workday - Clear Weather
2012-09-06,1061129,6203,1,1,2,3,795952,2292410,,Other
2012-09-07,1061129,7504,1,1,1,3,2338173,2292410,,High Rental - Workday - Clear Weather
2012-09-08,1061129,5976,1,0,2,3,795952,1000269,,Other
2012-09-09,1061129,8227,1,0,1,3,2338173,1000269,,Other
2012-09-10,1061129,7525,1,1,1,3,2338173,2292410,,High Rental - Workday - Clear Weather
2012-09-11,1061129,7767,1,1,1,3,2338173,2292410,,High Rental - Workday - Clear Weather
2012-09-12,1061129,7870,1,1,1,3,2338173,2292410,,High Rental - Workday - Clear Weather
2012-09-13,1061129,7804,1,1,1,3,2338173,2292410,,High Rental - Workday - Clear Weather
2012-09-14,1061129,8009,1,1,1,3,2338173,2292410,,High Rental - Workday - Clear Weather
2012-09-15,1061129,8714,1,0,1,3,2338173,1000269,,Other
2012-09-16,1061129,7333,1,0,1,3,2338173,1000269,,Other
2012-09-17,1061129,6869,1,1,2,3,795952,2292410,,Other
2012-09-18,1061129,4073,1,1,2,3,795952,2292410,,Other
2012-09-19,1061129,7591,1,1,1,3,2338173,2292410,,High Rental - Workday - Clear Weather
2012-09-20,1061129,7720,1,1,1,3,2338173,2292410,,High Rental - Workday - Clear Weather
2012-09-21,1061129,8167,1,1,1,3,2338173,2292410,,High Rental - Workday - Clear Weather
2012-09-22,1061129,8395,1,0,1,3,2338173,1000269,,Other
2012-09-23,841613,7907,1,0,1,4,2338173,1000269,,Other
2012-09-24,841613,7436,1,1,1,4,2338173,2292410,,High Rental - Workday - Clear Weather
2012-09-25,841613,7538,1,1,1,4,2338173,2292410,,High Rental - Workday - Clear Weather
2012-09-26,841613,7733,1,1,1,4,2338173,2292410,,High Rental - Workday - Clear Weather
2012-09-27,841613,7393,1,1,2,4,795952,2292410,,Other
2012-09-28,841613,7415,1,1,2,4,795952,2292410,,Other
2012-09-29,841613,8555,1,0,1,4,2338173,1000269,,Other
2012-09-30,841613,6889,1,0,1,4,2338173,1000269,,Other
2012-10-01,841613,6778,1,1,2,4,795952,2292410,,Other
2012-10-02,841613,4639,1,1,3,4,158331,2292410,,Other
2012-10-03,841613,7572,1,1,2,4,795952,2292410,,Other
2012-10-04,841613,7328,1,1,2,4,795952,2292410,,Other
2012-10-05,841613,8156,1,1,1,4,2338173,2292410,,High Rental - Workday - Clear Weather
2012-10-06,841613,7965,1,0,1,4,2338173,1000269,,Other
2012-10-07,841613,3510,1,0,2,4,795952,1000269,,Other
2012-10-08,841613,5478,1,0,2,4,795952,1000269,,Other
2012-10-09,841613,6392,1,1,2,4,795952,2292410,,Other
2012-10-10,841613,7691,1,1,1,4,2338173,2292410,,High Rental - Workday - Clear Weather
2012-10-11,841613,7570,1,1,1,4,2338173,2292410,,High Rental - Workday - Clear Weather
2012-10-12,841613,7282,1,1,1,4,2338173,2292410,,High Rental - Workday - Clear Weather
2012-10-13,841613,7109,1,0,1,4,2338173,1000269,,Other
2012-10-14,841613,6639,1,0,1,4,2338173,1000269,,Other
2012-10-15,841613,5875,1,1,2,4,795952,2292410,,Other
2012-10-16,841613,7534,1,1,1,4,2338173,2292410,,High Rental - Workday - Clear Weather
2012-10-17,841613,7461,1,1,1,4,2338173,2292410,,High Rental - Workday - Clear Weather
2012-10-18,841613,7509,1,1,2,4,795952,2292410,,Other
2012-10-19,841613,5424,1,1,2,4,795952,2292410,,Other
2012-10-20,841613,8090,1,0,1,4,2338173,1000269,,Other
2012-10-21,841613,6824,1,0,1,4,2338173,1000269,,Other
2012-10-22,841613,7058,1,1,1,4,2338173,2292410,,High Rental - Workday - Clear Weather
2012-10-23,841613,7466,1,1,1,4,2338173,2292410,,High Rental - Workday - Clear Weather
2012-10-24,841613,7693,1,1,1,4,2338173,2292410,,High Rental - Workday - Clear Weather
2012-10-25,841613,7359,1,1,2,4,795952,2292410,,Other
2012-10-26,841613,7444,1,1,2,4,795952,2292410,,Other
2012-10-27,841613,7852,1,0,2,4,795952,1000269,,Other
2012-10-28,841613,4459,1,0,2,4,795952,1000269,,Other
2012-10-29,841613,22,1,1,3,4,158331,2292410,,Other
2012-10-30,841613,1096,1,1,2,4,795952,2292410,,Medium Rental - Workday - Misty Weather
2012-10-31,841613,5566,1,1,2,4,795952,2292410,,Other
2012-11-01,841613,5986,1,1,2,4,795952,2292410,,Other
2012-11-02,841613,5847,1,1,1,4,2338173,2292410,,High Rental - Workday - Clear Weather
2012-11-03,841613,5138,1,0,2,4,795952,1000269,,Other
2012-11-04,841613,5107,1,0,1,4,2338173,1000269,,Other
2012-11-05,841613,5259,1,1,1,4,2338173,2292410,,High Rental - Workday - Clear Weather
2012-11-06,841613,5686,1,1,1,4,2338173,2292410,,High Rental - Workday - Clear Weather
2012-11-07,841613,5035,1,1,2,4,795952,2292410,,Other
2012-11-08,841613,5315,1,1,1,4,2338173,2292410,,High Rental - Workday - Clear Weather
2012-11-09,841613,5992,1,1,1,4,2338173,2292410,,High Rental - Workday - Clear Weather
2012-11-10,841613,6536,1,0,1,4,2338173,1000269,,Other
2012-11-11,841613,6852,1,0,1,4,2338173,1000269,,Other
2012-11-12,841613,6269,1,0,1,4,2338173,1000269,,Other
2012-11-13,841613,4094,1,1,2,4,795952,2292410,,Other
2012-11-14,841613,5495,1,1,1,4,2338173,2292410,,High Rental - Workday - Clear Weather
2012-11-15,841613,5445,1,1,2,4,795952,2292410,,Other
2012-11-16,841613,5698,1,1,1,4,2338173,2292410,,High Rental - Workday - Clear Weather
2012-11-17,841613,5629,1,0,1,4,2338173,1000269,,Other
2012-11-18,841613,4669,1,0,1,4,2338173,1000269,,Other
2012-11-19,841613,5499,1,1,2,4,795952,2292410,,Other
2012-11-20,841613,5634,1,1,2,4,795952,2292410,,Other
2012-11-21,841613,5146,1,1,1,4,2338173,2292410,,High Rental - Workday - Clear Weather
2012-11-22,841613,2425,1,0,1,4,2338173,1000269,,Other
2012-11-23,841613,3910,1,1,1,4,2338173,2292410,,High Rental - Workday - Clear Weather
2012-11-24,841613,2277,1,0,1,4,2338173,1000269,,Other
2012-11-25,841613,2424,1,0,1,4,2338173,1000269,,Other
2012-11-26,841613,5087,1,1,1,4,2338173,2292410,,High Rental - Workday - Clear Weather
2012-11-27,841613,3959,1,1,2,4,795952,2292410,,Other
2012-11-28,841613,5260,1,1,1,4,2338173,2292410,,High Rental - Workday - Clear Weather
2012-11-29,841613,5323,1,1,1,4,2338173,2292410,,High Rental - Workday - Clear Weather
2012-11-30,841613,5668,1,1,1,4,2338173,2292410,,High Rental - Workday - Clear Weather
2012-12-01,841613,5191,1,0,2,4,795952,1000269,,Other
2012-12-02,841613,4649,1,0,2,4,795952,1000269,,Other
2012-12-03,841613,6234,1,1,1,4,2338173,2292410,,High Rental - Workday - Clear Weather
2012-12-04,841613,6606,1,1,1,4,2338173,2292410,,High Rental - Workday - Clear Weather
2012-12-05,841613,5729,1,1,1,4,2338173,2292410,,High Rental - Workday - Clear Weather
2012-12-06,841613,5375,1,1,1,4,2338173,2292410,,High Rental - Workday - Clear Weather
2012-12-07,841613,5008,1,1,2,4,795952,2292410,,Other
2012-12-08,841613,5582,1,0,2,4,795952,1000269,,Other
2012-12-09,841613,3228,1,0,2,4,795952,1000269,,Other
2012-12-10,841613,5170,1,1,2,4,795952,2292410,,Other
2012-12-11,841613,5501,1,1,2,4,795952,2292410,,Other
2012-12-12,841613,5319,1,1,2,4,795952,2292410,,Other
2012-12-13,841613,5532,1,1,1,4,2338173,2292410,,High Rental - Workday - Clear Weather
2012-12-14,841613,5611,1,1,1,4,2338173,2292410,,High Rental - Workday - Clear Weather
2012-12-15,841613,5047,1,0,1,4,2338173,1000269,,Other
2012-12-16,841613,3786,1,0,2,4,795952,1000269,,Other
2012-12-17,841613,4585,1,1,2,4,795952,2292410,,Other
2012-12-18,841613,5557,1,1,1,4,2338173,2292410,,High Rental - Workday - Clear Weather
2012-12-19,841613,5267,1,1,1,4,2338173,2292410,,High Rental - Workday - Clear Weather
2012-12-20,841613,4128,1,1,2,4,795952,2292410,,Other
2012-12-21,471348,3623,1,1,2,1,795952,2292410,,Other
2012-12-22,471348,1749,1,0,1,1,2338173,1000269,,Other
2012-12-23,471348,1787,1,0,1,1,2338173,1000269,,Other
2012-12-24,471348,920,1,1,2,1,795952,2292410,,Other
2012-12-25,471348,1013,1,0,2,1,795952,1000269,,Other
2012-12-26,471348,441,1,1,3,1,158331,2292410,,Other
2012-12-27,471348,2114,1,1,2,1,795952,2292410,,Other
2012-12-28,471348,3095,1,1,2,1,795952,2292410,,Other
2012-12-29,471348,1341,1,0,2,1,795952,1000269,,Other
2012-12-30,471348,1796,1,0,1,1,2338173,1000269,,Other
2012-12-31,471348,2729,1,1,2,1,795952,2292410,,Other
